Datetime,Water Level (m)
2025-10-23 18:00:00,-0.26964545
2025-10-23 19:00:00,0.18158402
2025-10-23 20:00:00,0.57184935
2025-10-23 21:00:00,0.9570463
2025-10-23 22:00:00,1.1859299
2025-10-23 23:00:00,1.2470788
2025-10-24 00:00:00,1.0337528
2025-10-24 01:00:00,0.74400544
2025-10-24 02:00:00,0.48694745
2025-10-24 03:00:00,0.2611452
2025-10-24 04:00:00,0.038036894
2025-10-24 05:00:00,-0.13875227
2025-10-24 06:00:00,-0.2722014
2025-10-24 07:00:00,-0.05785449
2025-10-24 08:00:00,0.3539439
2025-10-24 09:00:00,0.7382373
2025-10-24 10:00:00,0.9675953
2025-10-24 11:00:00,1.0094281
2025-10-24 12:00:00,0.8717103
2025-10-24 13:00:00,0.6179999
2025-10-24 14:00:00,0.38347977
2025-10-24 15:00:00,0.1769764
2025-10-24 16:00:00,-0.009949317
2025-10-24 17:00:00,-0.16840097
2025-10-24 18:00:00,-0.28285062
2025-10-24 19:00:00,0.0074972427
2025-10-24 20:00:00,0.4281814
2025-10-24 21:00:00,0.90900844
2025-10-24 22:00:00,1.2240242
2025-10-24 23:00:00,1.376175
2025-10-25 00:00:00,1.282836
2025-10-25 01:00:00,0.990068
2025-10-25 02:00:00,0.70819205
2025-10-25 03:00:00,0.48524576
2025-10-25 04:00:00,0.25955644
2025-10-25 05:00:00,0.074228436
2025-10-25 06:00:00,-0.08947873
2025-10-25 07:00:00,-0.16266777
2025-10-25 08:00:00,0.15735677
2025-10-25 09:00:00,0.49610472
2025-10-25 10:00:00,0.8340002
2025-10-25 11:00:00,0.9518255
2025-10-25 12:00:00,0.9244421
2025-10-25 13:00:00,0.744967
2025-10-25 14:00:00,0.5217156
2025-10-25 15:00:00,0.30244285
2025-10-25 16:00:00,0.110499166
2025-10-25 17:00:00,-0.059157696
2025-10-25 18:00:00,-0.20412911
2025-10-25 19:00:00,-0.18529604
2025-10-25 20:00:00,0.22067428
2025-10-25 21:00:00,0.63330615
2025-10-25 22:00:00,1.036747
2025-10-25 23:00:00,1.245566
2025-10-26 00:00:00,1.3132229
2025-10-26 01:00:00,1.1246953
2025-10-26 02:00:00,0.83873224
2025-10-26 03:00:00,0.59922725
2025-10-26 04:00:00,0.3864636
2025-10-26 05:00:00,0.18601812
2025-10-26 06:00:00,0.011616793
2025-10-26 07:00:00,-0.12600262
2025-10-26 08:00:00,-0.08810441
2025-10-26 09:00:00,0.2307824
2025-10-26 10:00:00,0.56093746
2025-10-26 11:00:00,0.8178282
2025-10-26 12:00:00,0.86089313
2025-10-26 13:00:00,0.7834657
2025-10-26 14:00:00,0.60523367
2025-10-26 15:00:00,0.40073895
2025-10-26 16:00:00,0.19828828
2025-10-26 17:00:00,0.021166239
2025-10-26 18:00:00,-0.12762937
2025-10-26 19:00:00,-0.2210048
2025-10-26 20:00:00,-0.009103224
2025-10-26 21:00:00,0.3445729
2025-10-26 22:00:00,0.75142515
2025-10-26 23:00:00,1.0464293
2025-10-27 00:00:00,1.2025408
2025-10-27 01:00:00,1.1865546
2025-10-27 02:00:00,0.9675335
2025-10-27 03:00:00,0.7072328
2025-10-27 04:00:00,0.4946695
2025-10-27 05:00:00,0.29097003
2025-10-27 06:00:00,0.11616271
2025-10-27 07:00:00,-0.043518156
2025-10-27 08:00:00,-0.13639411
2025-10-27 09:00:00,0.0063693896
2025-10-27 10:00:00,0.28500804
2025-10-27 11:00:00,0.5988323
2025-10-27 12:00:00,0.7678599
2025-10-27 13:00:00,0.7835473
2025-10-27 14:00:00,0.69220185
2025-10-27 15:00:00,0.5263229
2025-10-27 16:00:00,0.32763764
2025-10-27 17:00:00,0.14180063
2025-10-27 18:00:00,-0.013469388
2025-10-27 19:00:00,-0.13684912
2025-10-27 20:00:00,-0.14671293
2025-10-27 21:00:00,0.12429882
2025-10-27 22:00:00,0.44436398
2025-10-27 23:00:00,0.7976445
2025-10-28 00:00:00,1.0267625
2025-10-28 01:00:00,1.1532173
2025-10-28 02:00:00,1.0946032
2025-10-28 03:00:00,0.8775108
2025-10-28 04:00:00,0.6425235
2025-10-28 05:00:00,0.44894055
2025-10-28 06:00:00,0.2611316
2025-10-28 07:00:00,0.10173276
2025-10-28 08:00:00,-0.03863619
2025-10-28 09:00:00,-0.106646
2025-10-28 10:00:00,0.0025375364
2025-10-28 11:00:00,0.261457
2025-10-28 12:00:00,0.550943
2025-10-28 13:00:00,0.7025585
2025-10-28 14:00:00,0.7148926
2025-10-28 15:00:00,0.63396084
2025-10-28 16:00:00,0.48918188
2025-10-28 17:00:00,0.31041595
2025-10-28 18:00:00,0.14340125
2025-10-28 19:00:00,0.010492622
2025-10-28 20:00:00,-0.083524846
2025-10-28 21:00:00,-0.05411871
2025-10-28 22:00:00,0.16333485
2025-10-28 23:00:00,0.45476517
2025-10-29 00:00:00,0.7629836
2025-10-29 01:00:00,0.9770516
2025-10-29 02:00:00,1.0943952
2025-10-29 03:00:00,1.0533482
2025-10-29 04:00:00,0.86623216
2025-10-29 05:00:00,0.6477336
2025-10-29 06:00:00,0.46233997
2025-10-29 07:00:00,0.2818947
2025-10-29 08:00:00,0.12598613
2025-10-29 09:00:00,-0.010225097
2025-10-29 10:00:00,-0.090931416
2025-10-29 11:00:00,-0.025460334
2025-10-29 12:00:00,0.2038115
2025-10-29 13:00:00,0.47039038
2025-10-29 14:00:00,0.6478008
2025-10-29 15:00:00,0.70665133
2025-10-29 16:00:00,0.68319064
2025-10-29 17:00:00,0.5748156
2025-10-29 18:00:00,0.41782567
